Model,Design_Cell,Method_Variant,Metric,Datasets_Evaluated,Mean_mu,LCL_mu_minus_2sig,UCL_mu_plus_2sig,Pct_In_Limits,Pct_Out_Limits,"Control_Limits_[LCL, UCL]"
ModelA_Perfect,"p=6, N=30",PAF,Hoffmann Complexity,164,1.1964,0.9475,1.4452,96.34,3.66,"[0.9475, 1.4452]"
ModelA_Perfect,"p=6, N=30",PAF,Kaiser IFS,164,0.8344,0.6413,1.0274,96.34,3.66,"[0.6413, 1.0274]"
ModelA_Perfect,"p=6, N=30",Beta_eta_25,Hoffmann Complexity,164,1.1292,0.8878,1.3705,95.12,4.88,"[0.8878, 1.3705]"
ModelA_Perfect,"p=6, N=30",Beta_eta_25,Kaiser IFS,164,0.8956,0.6926,1.0985,95.12,4.88,"[0.6926, 1.0985]"
ModelA_Perfect,"p=6, N=30",Beta_eta_50,Hoffmann Complexity,164,1.0594,0.8906,1.2282,94.51,5.49,"[0.8906, 1.2282]"
ModelA_Perfect,"p=6, N=30",Beta_eta_50,Kaiser IFS,164,0.9532,0.8225,1.084,96.34,3.66,"[0.8225, 1.0840]"
ModelA_Perfect,"p=6, N=30",Beta_eta_100,Hoffmann Complexity,164,1.0179,0.9319,1.104,92.07,7.93,"[0.9319, 1.1040]"
ModelA_Perfect,"p=6, N=30",Beta_eta_100,Kaiser IFS,164,0.986,0.9189,1.0531,93.29,6.71,"[0.9189, 1.0531]"
ModelA_Perfect,"p=6, N=30",Beta_eta_200,Hoffmann Complexity,164,1.006,0.9504,1.0616,96.95,3.05,"[0.9504, 1.0616]"
ModelA_Perfect,"p=6, N=30",Beta_eta_200,Kaiser IFS,164,0.9947,0.9452,1.0441,96.95,3.05,"[0.9452, 1.0441]"
ModelA_Perfect,"p=6, N=30",Beta_eta_400,Hoffmann Complexity,163,1.0011,0.9777,1.0246,99.39,0.61,"[0.9777, 1.0246]"
ModelA_Perfect,"p=6, N=30",Beta_eta_400,Kaiser IFS,163,0.999,0.979,1.0191,99.39,0.61,"[0.9790, 1.0191]"
ModelA_Perfect,"p=10, N=50",PAF,Hoffmann Complexity,159,1.1902,0.9153,1.4652,91.82,8.18,"[0.9153, 1.4652]"
ModelA_Perfect,"p=10, N=50",PAF,Kaiser IFS,159,0.8581,0.7152,1.001,96.86,3.14,"[0.7152, 1.0010]"
ModelA_Perfect,"p=10, N=50",Beta_eta_25,Hoffmann Complexity,159,1.1857,0.9248,1.4465,96.86,3.14,"[0.9248, 1.4465]"
ModelA_Perfect,"p=10, N=50",Beta_eta_25,Kaiser IFS,159,0.8799,0.7087,1.051,96.23,3.77,"[0.7087, 1.0510]"
ModelA_Perfect,"p=10, N=50",Beta_eta_50,Hoffmann Complexity,159,1.1281,0.8905,1.3657,95.6,4.4,"[0.8905, 1.3657]"
ModelA_Perfect,"p=10, N=50",Beta_eta_50,Kaiser IFS,159,0.9211,0.7803,1.0619,94.34,5.66,"[0.7803, 1.0619]"
ModelA_Perfect,"p=10, N=50",Beta_eta_100,Hoffmann Complexity,159,1.0469,0.9074,1.1864,93.71,6.29,"[0.9074, 1.1864]"
ModelA_Perfect,"p=10, N=50",Beta_eta_100,Kaiser IFS,159,0.9697,0.8814,1.0581,93.08,6.92,"[0.8814, 1.0581]"
ModelA_Perfect,"p=10, N=50",Beta_eta_200,Hoffmann Complexity,159,1.0108,0.9429,1.0786,94.97,5.03,"[0.9429, 1.0786]"
ModelA_Perfect,"p=10, N=50",Beta_eta_200,Kaiser IFS,159,0.9923,0.9391,1.0456,96.86,3.14,"[0.9391, 1.0456]"
ModelA_Perfect,"p=10, N=50",Beta_eta_400,Hoffmann Complexity,159,1.0066,0.9627,1.0505,93.08,6.92,"[0.9627, 1.0505]"
ModelA_Perfect,"p=10, N=50",Beta_eta_400,Kaiser IFS,159,0.9959,0.968,1.0238,95.6,4.4,"[0.9680, 1.0238]"
ModelA_Perfect,"p=15, N=75",PAF,Hoffmann Complexity,135,1.1909,0.9153,1.4665,95.56,4.44,"[0.9153, 1.4665]"
ModelA_Perfect,"p=15, N=75",PAF,Kaiser IFS,135,0.8676,0.7426,0.9926,95.56,4.44,"[0.7426, 0.9926]"
ModelA_Perfect,"p=15, N=75",Beta_eta_25,Hoffmann Complexity,135,1.1239,0.9297,1.3181,96.3,3.7,"[0.9297, 1.3181]"
ModelA_Perfect,"p=15, N=75",Beta_eta_25,Kaiser IFS,135,0.9272,0.7952,1.0593,95.56,4.44,"[0.7952, 1.0593]"
ModelA_Perfect,"p=15, N=75",Beta_eta_50,Hoffmann Complexity,135,1.1229,0.9306,1.3151,96.3,3.7,"[0.9306, 1.3151]"
ModelA_Perfect,"p=15, N=75",Beta_eta_50,Kaiser IFS,135,0.928,0.7975,1.0586,95.56,4.44,"[0.7975, 1.0586]"
ModelA_Perfect,"p=15, N=75",Beta_eta_100,Hoffmann Complexity,135,1.1108,0.9298,1.2918,96.3,3.7,"[0.9298, 1.2918]"
ModelA_Perfect,"p=15, N=75",Beta_eta_100,Kaiser IFS,135,0.9355,0.8159,1.0552,94.07,5.93,"[0.8159, 1.0552]"
ModelA_Perfect,"p=15, N=75",Beta_eta_200,Hoffmann Complexity,135,1.0589,0.9354,1.1824,96.3,3.7,"[0.9354, 1.1824]"
ModelA_Perfect,"p=15, N=75",Beta_eta_200,Kaiser IFS,135,0.9635,0.8671,1.0599,93.33,6.67,"[0.8671, 1.0599]"
ModelA_Perfect,"p=15, N=75",Beta_eta_400,Hoffmann Complexity,135,1.0117,0.9677,1.0558,91.11,8.89,"[0.9677, 1.0558]"
ModelA_Perfect,"p=15, N=75",Beta_eta_400,Kaiser IFS,135,0.9933,0.9683,1.0183,93.33,6.67,"[0.9683, 1.0183]"
ModelB_MinorMisspec,"p=6, N=30",PAF,Hoffmann Complexity,162,1.2397,1.0262,1.4533,93.83,6.17,"[1.0262, 1.4533]"
ModelB_MinorMisspec,"p=6, N=30",PAF,Kaiser IFS,162,0.7922,0.613,0.9715,94.44,5.56,"[0.6130, 0.9715]"
ModelB_MinorMisspec,"p=6, N=30",Beta_eta_25,Hoffmann Complexity,162,1.1481,0.9205,1.3757,96.3,3.7,"[0.9205, 1.3757]"
ModelB_MinorMisspec,"p=6, N=30",Beta_eta_25,Kaiser IFS,162,0.879,0.687,1.071,95.68,4.32,"[0.6870, 1.0710]"
ModelB_MinorMisspec,"p=6, N=30",Beta_eta_50,Hoffmann Complexity,162,1.0885,0.8864,1.2905,93.21,6.79,"[0.8864, 1.2905]"
ModelB_MinorMisspec,"p=6, N=30",Beta_eta_50,Kaiser IFS,162,0.9272,0.7601,1.0942,93.83,6.17,"[0.7601, 1.0942]"
ModelB_MinorMisspec,"p=6, N=30",Beta_eta_100,Hoffmann Complexity,162,1.027,0.9177,1.1364,91.36,8.64,"[0.9177, 1.1364]"
ModelB_MinorMisspec,"p=6, N=30",Beta_eta_100,Kaiser IFS,162,0.9775,0.8862,1.0687,92.59,7.41,"[0.8862, 1.0687]"
ModelB_MinorMisspec,"p=6, N=30",Beta_eta_200,Hoffmann Complexity,162,1.0096,0.9453,1.074,94.44,5.56,"[0.9453, 1.0740]"
ModelB_MinorMisspec,"p=6, N=30",Beta_eta_200,Kaiser IFS,162,0.9915,0.9344,1.0486,94.44,5.56,"[0.9344, 1.0486]"
ModelB_MinorMisspec,"p=6, N=30",Beta_eta_400,Hoffmann Complexity,162,1.0066,0.9464,1.0667,95.68,4.32,"[0.9464, 1.0667]"
ModelB_MinorMisspec,"p=6, N=30",Beta_eta_400,Kaiser IFS,162,0.9946,0.9439,1.0452,95.68,4.32,"[0.9439, 1.0452]"
ModelB_MinorMisspec,"p=10, N=50",PAF,Hoffmann Complexity,155,1.2325,0.9868,1.4783,92.9,7.1,"[0.9868, 1.4783]"
ModelB_MinorMisspec,"p=10, N=50",PAF,Kaiser IFS,155,0.8219,0.7016,0.9423,94.84,5.16,"[0.7016, 0.9423]"
ModelB_MinorMisspec,"p=10, N=50",Beta_eta_25,Hoffmann Complexity,155,1.2319,0.9632,1.5007,97.42,2.58,"[0.9632, 1.5007]"
ModelB_MinorMisspec,"p=10, N=50",Beta_eta_25,Kaiser IFS,155,0.8536,0.6926,1.0147,95.48,4.52,"[0.6926, 1.0147]"
ModelB_MinorMisspec,"p=10, N=50",Beta_eta_50,Hoffmann Complexity,155,1.1658,0.9288,1.4029,96.77,3.23,"[0.9288, 1.4029]"
ModelB_MinorMisspec,"p=10, N=50",Beta_eta_50,Kaiser IFS,155,0.8938,0.7333,1.0543,94.19,5.81,"[0.7333, 1.0543]"
ModelB_MinorMisspec,"p=10, N=50",Beta_eta_100,Hoffmann Complexity,155,1.0757,0.8954,1.2561,94.19,5.81,"[0.8954, 1.2561]"
ModelB_MinorMisspec,"p=10, N=50",Beta_eta_100,Kaiser IFS,155,0.951,0.819,1.083,95.48,4.52,"[0.8190, 1.0830]"
ModelB_MinorMisspec,"p=10, N=50",Beta_eta_200,Hoffmann Complexity,155,1.0218,0.9341,1.1095,94.84,5.16,"[0.9341, 1.1095]"
ModelB_MinorMisspec,"p=10, N=50",Beta_eta_200,Kaiser IFS,155,0.9875,0.9392,1.0359,92.26,7.74,"[0.9392, 1.0359]"
ModelB_MinorMisspec,"p=10, N=50",Beta_eta_400,Hoffmann Complexity,155,1.0055,0.9687,1.0424,94.84,5.16,"[0.9687, 1.0424]"
ModelB_MinorMisspec,"p=10, N=50",Beta_eta_400,Kaiser IFS,155,0.9968,0.9747,1.0188,94.84,5.16,"[0.9747, 1.0188]"
ModelB_MinorMisspec,"p=15, N=75",PAF,Hoffmann Complexity,146,1.2227,0.9597,1.4857,95.21,4.79,"[0.9597, 1.4857]"
ModelB_MinorMisspec,"p=15, N=75",PAF,Kaiser IFS,146,0.8418,0.7351,0.9484,95.89,4.11,"[0.7351, 0.9484]"
ModelB_MinorMisspec,"p=15, N=75",Beta_eta_25,Hoffmann Complexity,146,1.1304,0.9123,1.3486,95.21,4.79,"[0.9123, 1.3486]"
ModelB_MinorMisspec,"p=15, N=75",Beta_eta_25,Kaiser IFS,146,0.9297,0.8006,1.0588,94.52,5.48,"[0.8006, 1.0588]"
ModelB_MinorMisspec,"p=15, N=75",Beta_eta_50,Hoffmann Complexity,146,1.1282,0.908,1.3483,95.21,4.79,"[0.9080, 1.3483]"
ModelB_MinorMisspec,"p=15, N=75",Beta_eta_50,Kaiser IFS,146,0.9314,0.8011,1.0616,94.52,5.48,"[0.8011, 1.0616]"
ModelB_MinorMisspec,"p=15, N=75",Beta_eta_100,Hoffmann Complexity,146,1.1173,0.9183,1.3164,95.21,4.79,"[0.9183, 1.3164]"
ModelB_MinorMisspec,"p=15, N=75",Beta_eta_100,Kaiser IFS,146,0.9375,0.8198,1.0551,94.52,5.48,"[0.8198, 1.0551]"
ModelB_MinorMisspec,"p=15, N=75",Beta_eta_200,Hoffmann Complexity,146,1.0642,0.924,1.2044,95.89,4.11,"[0.9240, 1.2044]"
ModelB_MinorMisspec,"p=15, N=75",Beta_eta_200,Kaiser IFS,146,0.966,0.8938,1.0382,95.89,4.11,"[0.8938, 1.0382]"
ModelB_MinorMisspec,"p=15, N=75",Beta_eta_400,Hoffmann Complexity,146,1.0197,0.9489,1.0905,96.58,3.42,"[0.9489, 1.0905]"
ModelB_MinorMisspec,"p=15, N=75",Beta_eta_400,Kaiser IFS,146,0.9894,0.9518,1.0271,96.58,3.42,"[0.9518, 1.0271]"
ModelC_Complex,"p=6, N=30",PAF,Hoffmann Complexity,198,1.2684,1.0318,1.505,90.91,9.09,"[1.0318, 1.5050]"
ModelC_Complex,"p=6, N=30",PAF,Kaiser IFS,198,0.7639,0.5551,0.9726,90.91,9.09,"[0.5551, 0.9726]"
ModelC_Complex,"p=6, N=30",Beta_eta_25,Hoffmann Complexity,198,1.1375,0.9042,1.3708,96.46,3.54,"[0.9042, 1.3708]"
ModelC_Complex,"p=6, N=30",Beta_eta_25,Kaiser IFS,198,0.8934,0.7126,1.0743,96.46,3.54,"[0.7126, 1.0743]"
ModelC_Complex,"p=6, N=30",Beta_eta_50,Hoffmann Complexity,198,1.0663,0.908,1.2245,96.46,3.54,"[0.9080, 1.2245]"
ModelC_Complex,"p=6, N=30",Beta_eta_50,Kaiser IFS,198,0.9459,0.8131,1.0787,96.46,3.54,"[0.8131, 1.0787]"
ModelC_Complex,"p=6, N=30",Beta_eta_100,Hoffmann Complexity,198,1.0353,0.9066,1.164,93.43,6.57,"[0.9066, 1.1640]"
ModelC_Complex,"p=6, N=30",Beta_eta_100,Kaiser IFS,198,0.9717,0.8675,1.0759,93.43,6.57,"[0.8675, 1.0759]"
ModelC_Complex,"p=6, N=30",Beta_eta_200,Hoffmann Complexity,198,1.0076,0.9524,1.0627,95.96,4.04,"[0.9524, 1.0627]"
ModelC_Complex,"p=6, N=30",Beta_eta_200,Kaiser IFS,198,0.9937,0.9469,1.0404,96.46,3.54,"[0.9469, 1.0404]"
ModelC_Complex,"p=6, N=30",Beta_eta_400,Hoffmann Complexity,198,1.0039,0.9652,1.0426,96.46,3.54,"[0.9652, 1.0426]"
ModelC_Complex,"p=6, N=30",Beta_eta_400,Kaiser IFS,198,0.9965,0.9621,1.031,95.96,4.04,"[0.9621, 1.0310]"
ModelC_Complex,"p=10, N=50",PAF,Hoffmann Complexity,155,1.3717,1.1972,1.5461,96.13,3.87,"[1.1972, 1.5461]"
ModelC_Complex,"p=10, N=50",PAF,Kaiser IFS,155,0.6807,0.5624,0.799,94.19,5.81,"[0.5624, 0.7990]"
ModelC_Complex,"p=10, N=50",Beta_eta_25,Hoffmann Complexity,155,1.2551,1.0188,1.4915,96.77,3.23,"[1.0188, 1.4915]"
ModelC_Complex,"p=10, N=50",Beta_eta_25,Kaiser IFS,155,0.8169,0.6171,1.0168,95.48,4.52,"[0.6171, 1.0168]"
ModelC_Complex,"p=10, N=50",Beta_eta_50,Hoffmann Complexity,155,1.2198,0.9927,1.4469,96.13,3.87,"[0.9927, 1.4469]"
ModelC_Complex,"p=10, N=50",Beta_eta_50,Kaiser IFS,155,0.844,0.6716,1.0164,96.77,3.23,"[0.6716, 1.0164]"
ModelC_Complex,"p=10, N=50",Beta_eta_100,Hoffmann Complexity,155,1.144,0.925,1.3631,96.77,3.23,"[0.9250, 1.3631]"
ModelC_Complex,"p=10, N=50",Beta_eta_100,Kaiser IFS,155,0.9025,0.7608,1.0442,94.84,5.16,"[0.7608, 1.0442]"
ModelC_Complex,"p=10, N=50",Beta_eta_200,Hoffmann Complexity,155,1.0508,0.9076,1.194,95.48,4.52,"[0.9076, 1.1940]"
ModelC_Complex,"p=10, N=50",Beta_eta_200,Kaiser IFS,155,0.9666,0.8772,1.056,93.55,6.45,"[0.8772, 1.0560]"
ModelC_Complex,"p=10, N=50",Beta_eta_400,Hoffmann Complexity,155,1.0141,0.9492,1.0791,90.32,9.68,"[0.9492, 1.0791]"
ModelC_Complex,"p=10, N=50",Beta_eta_400,Kaiser IFS,155,0.9901,0.9447,1.0356,92.9,7.1,"[0.9447, 1.0356]"
ModelC_Complex,"p=15, N=75",PAF,Hoffmann Complexity,126,1.3164,1.1007,1.5321,94.44,5.56,"[1.1007, 1.5321]"
ModelC_Complex,"p=15, N=75",PAF,Kaiser IFS,126,0.7426,0.6521,0.8331,96.03,3.97,"[0.6521, 0.8331]"
ModelC_Complex,"p=15, N=75",Beta_eta_25,Hoffmann Complexity,126,1.1865,1.0013,1.3718,94.44,5.56,"[1.0013, 1.3718]"
ModelC_Complex,"p=15, N=75",Beta_eta_25,Kaiser IFS,126,0.8985,0.8033,0.9938,96.83,3.17,"[0.8033, 0.9938]"
ModelC_Complex,"p=15, N=75",Beta_eta_50,Hoffmann Complexity,126,1.1805,0.9905,1.3705,95.24,4.76,"[0.9905, 1.3705]"
ModelC_Complex,"p=15, N=75",Beta_eta_50,Kaiser IFS,126,0.9021,0.8037,1.0005,96.83,3.17,"[0.8037, 1.0005]"
ModelC_Complex,"p=15, N=75",Beta_eta_100,Hoffmann Complexity,126,1.1564,0.9546,1.3583,97.62,2.38,"[0.9546, 1.3583]"
ModelC_Complex,"p=15, N=75",Beta_eta_100,Kaiser IFS,126,0.9164,0.8072,1.0255,97.62,2.38,"[0.8072, 1.0255]"
ModelC_Complex,"p=15, N=75",Beta_eta_200,Hoffmann Complexity,126,1.1018,0.9193,1.2844,96.03,3.97,"[0.9193, 1.2844]"
ModelC_Complex,"p=15, N=75",Beta_eta_200,Kaiser IFS,126,0.9481,0.8597,1.0366,95.24,4.76,"[0.8597, 1.0366]"
ModelC_Complex,"p=15, N=75",Beta_eta_400,Hoffmann Complexity,126,1.0375,0.9468,1.1282,95.24,4.76,"[0.9468, 1.1282]"
ModelC_Complex,"p=15, N=75",Beta_eta_400,Kaiser IFS,126,0.9807,0.9369,1.0246,94.44,5.56,"[0.9369, 1.0246]"
